Twila,Priority,MMSID,Title,DigiLab Project Name,Status,Pages,File Size (GB),Repo Load Start,Repo Load Worst Estimate,Actual Repo Load,UUID,Repository URI,Repository Embed URI,,,,,Yellow = Need Project Name,,,,,,,,,,,2,9.91874E+13,Hortus sanitatis,1491,Not Ready for Repository,360,,,,,,,,,2,9.93564E+13,Geneva Bible,1560,Not Ready for Repository,360,,,,,,,,,2,9.92936E+13,"King James Bible [first edition, ""He"" issue]",1611,Not Ready for Repository,360,,,,,,,,x,2,9.91761E+13,Saggi di naturali esperienze,Accademia_del_cimento_1666,"Repository Load Complete
",316,75,,,8/2/15,6f725869-1459-5221-8326-18396945db79,https://repository.ou.edu/uuid/6f725869-1459-5221-8326-18396945db79,https://repository.ou.edu/embed/uuid/6f725869-1459-5221-8326-18396945db79,,3,9.91761E+13,Saggi di naturali esperienze,Accademia del Cimento (1667),Not Ready for Repository,360,,,,,,,,,3,9.92833E+13,Saggi di naturali esperienze,Accademia del Cimento (1701),Not Ready for Repository,360,,,,,,,,x,,9.97964E+12,,Accademia_del_Gelati_1671,"Repository Load Complete
",465,34,,,8/25/15,996a8615-22d4-5c14-bd47-b502d8c51b40,https://repository.ou.edu/uuid/996a8615-22d4-5c14-bd47-b502d8c51b40,https://repository.ou.edu/embed/uuid/996a8615-22d4-5c14-bd47-b502d8c51b40,,,,"Historia naturale, e morale delle Indie","Acosta, JosÃ© de (1596)",Not Ready for Repository,360,,,,,,,,,3,9.98045E+12,Revolutions de la Mer,"AdhÃ©mar, Joseph Alphonse (1842)",Not Ready for Repository,360,,,,,,,,,2,9.93405E+12,Alchabitius cum commento [Introduction to astrology],Agassiz_1840_atlas,"Repository Load Complete
",87,26,,,8/17/15,,,,,2,9.92764E+13,De re metallica,Agricola_1556,Not Ready for Repository,360,,,,,,,,x,2,9.93218E+13,Liber Petri [Super libros Meteororum Aristotelis] [manuscript],Ailly_1506,"Repository Load Complete
",84,20,7/9/15,7/9/15,7/16/15,7f9366ea-711e-5f02-8ccf-d48cd708be9f,https://repository.ou.edu/uuid/7f9366ea-711e-5f02-8ccf-d48cd708be9f,https://repository.ou.edu/embed/uuid/7f9366ea-711e-5f02-8ccf-d48cd708be9f,,3,9.99305E+12,Opuscula morali,Alberti_1568,Not Ready for Repository,450,,,,,,,,x,2,9.92157E+13,Serpentarvm et draconvm historiae,Aldrovandi_1640,"Repository Load Complete
",478,478,,,6/23/15,d356c4ba-b9ba-5b64-90ae-0734985d5b89,https://repository.ou.edu/uuid/d356c4ba-b9ba-5b64-90ae-0734985d5b89,https://repository.ou.edu/embed/uuid/d356c4ba-b9ba-5b64-90ae-0734985d5b89,,3,9.92808E+13,Il Newtonianismo per le Dame,"Algarotti, Francesco (1737)",Not Ready for Repository,360,,,,,,,,x,2,9.92067E+13,Opticae thesaurus,Alhazen_1572,"Repository Load Complete
",793,222,7/9/15,7/11/15,7/17/15,8644339d-0840-5380-973a-22d1eba3333e,https://repository.ou.edu/uuid/8644339d-0840-5380-973a-22d1eba3333e,https://repository.ou.edu/embed/uuid/8644339d-0840-5380-973a-22d1eba3333e,,2,9.92798E+13,Alchabitius cum commento [Introduction to astrology],AlQabisi_1512,Not Ready for Repository,360,,,,,,,,,1,9.97837E+12,Cosmographia,Apian_1545,"Repository Load Complete
",306,5.8,,,7/24/15,,,,,,9.92399E+13,Conicorum [Conics],Apollonius (1710),Not in Virtual Exhibit,360,,,,,,,,,2,9.93302E+13,Summa theologiae,Aquinas_1496,Not Ready for Repository,360,,,,,,,,,3,9.9124E+13,Phenomena,Aratus_1547,Not Ready for Repository,360,,,,,,,,,,,Quae supersunt omnia,Archimedes (1792),Not in Virtual Exhibit,360,,,,,,,,,,,De iis quae vehuntur in aqua libri duo,Archimedes; Federico Commandino (1565),Not in Virtual Exhibit,360,,,,,,,,x,2,9.93099E+13,Opera,Archimedes_1543_Opera,"Repository Load Complete
",81,5.4,,,7/28/15,be1ec17d-8997-5046-b148-408f9398a087,https://repository.ou.edu/uuid/be1ec17d-8997-5046-b148-408f9398a087,https://repository.ou.edu/embed/uuid/be1ec17d-8997-5046-b148-408f9398a087,,3,9.96862E+11,Orlando furioso,Ariosto_1672,"Repository Load Complete
",547,29,,,8/2/15,,,,x,2,9.93314E+13,"De magnitudinibus, et distantiis solis, et lunae, liber",Aristarchus_1572,"AWS job B2VXZ, 8/24/2015",93,23,,,,228af81e-25d0-5e5c-ac1b-2f49e2df9c15,https://repository.ou.edu/uuid/228af81e-25d0-5e5c-ac1b-2f49e2df9c15,https://repository.ou.edu/embed/uuid/228af81e-25d0-5e5c-ac1b-2f49e2df9c15,,2,9.91742E+12,De animalibus,Aristotle_1476,Not Ready for Repository,260,,,,,,,,,2,9.9155E+13,Eis Organon Aristotelous: AnÅçnymon [Opera graece] (5 volumes),Aristotle_149x,Not Ready for Repository,360,,,,,,,,,2,9.93007E+13,"Francisci Vicomercati mediolanensis, in qvatvor libros Aristotelis Meteorologicorvm [Meteorology]",Aristotle_1556,Not Ready for Repository,520,,,,,,,,,2,9.92819E+13,The works of Aristotle [Aristotle's Masterpiece],Aristotle_1788,"Repository Load Complete
",374,26,,,8/12/15,,,,x,,9.93207E+13,Urania's Mirror [accompanies 'A familiar treatise on astronomy'],Aspin_1825,"Bagged, on File Archive",360,,,,,1fcd422b-3ae0-52e9-9c20-822e9de38507,https://repository.ou.edu/uuid/1fcd422b-3ae0-52e9-9c20-822e9de38507,https://repository.ou.edu/embed/uuid/1fcd422b-3ae0-52e9-9c20-822e9de38507,,,,A familiar treatise on astronomy [accompanies 'Urania's mirror' cards],"Aspin, Jehoshaphat (1825)",Not in Virtual Exhibit,360,,,,,,,,,2,99774002042,De civitate Dei,Augustine_1489,"Repository Load Complete
",539,123,,,8/2/15,,,,x,2,9.93608E+13,Arabum medicorum principis,Avicenna_1608,"Repository Load Complete
","1,051",1051,,,6/28/15,2b1ebe85-dcaf-501e-8851-4cdea291056d,https://repository.ou.edu/uuid/2b1ebe85-dcaf-501e-8851-4cdea291056d,https://repository.ou.edu/embed/uuid/2b1ebe85-dcaf-501e-8851-4cdea291056d,x,2,9.93608E+13,Arabum medicorum principis,Avicenna_1608_v2,"Repository Load Complete
",763,763,,,6/23/15,bc7e4569-64d6-544b-8d16-f2c312adef44,https://repository.ou.edu/uuid/bc7e4569-64d6-544b-8d16-f2c312adef44,https://repository.ou.edu/embed/uuid/bc7e4569-64d6-544b-8d16-f2c312adef44,x,,9.98834E+12,Perspectiva [bound with Specula mathematica (Frankfurt 1614)],Bacon_1614_Per,Not in Virtual Exhibit,231,55,,,,ffa7d0b7-d0f6-5987-8b23-b61b37bea2a4,https://repository.ou.edu/uuid/ffa7d0b7-d0f6-5987-8b23-b61b37bea2a4,https://repository.ou.edu/embed/uuid/ffa7d0b7-d0f6-5987-8b23-b61b37bea2a4,,2,9.91732E+13,Nova gnomonices [manuscript],Baldi_1592,Not Ready for Repository,360,,,,,,,,x,3,9.92866E+13,Bernardino Baldi vrbinatis gvastallae abbatis In mechanica Aristotelis problemata...,Baldi_1621,Not Ready for Repository,233,95,,,,416781ab-759a-5b0b-b7f1-ed688bd6a5f6,https://repository.ou.edu/uuid/416781ab-759a-5b0b-b7f1-ed688bd6a5f6,https://repository.ou.edu/embed/uuid/416781ab-759a-5b0b-b7f1-ed688bd6a5f6,x,2,9.92206E+13,Sphaera mvndi,barHiyya_1546,"Repository Load Complete
",586,197,,,8/26/15,9c34fef0-ee0e-5959-aa69-0bad91989384,https://repository.ou.edu/uuid/9c34fef0-ee0e-5959-aa69-0bad91989384,https://repository.ou.edu/embed/uuid/9c34fef0-ee0e-5959-aa69-0bad91989384,,3,9.91515E+13,Cosmographia,"Barozzi, Francesco (1585)",Not Ready for Repository,360,,,,,,,,,2,9.92206E+13,Opthalmoduleia,Bartisch_1583,Not Ready for Repository,360,,,,,,,,x,2,9.93626E+13,Uranometria [bound with Bayer 1697 Explicatio characterum],Bayer_1661,"Repository Load Complete
",208,50,7/10/15,7/10/15,7/28/15,c46e462d-5265-55ae-a326-89fafbb93f40,https://repository.ou.edu/uuid/c46e462d-5265-55ae-a326-89fafbb93f40,https://repository.ou.edu/embed/uuid/c46e462d-5265-55ae-a326-89fafbb93f40,x,3,9.96544E+12,Sphaera triplex,Beati_1662,"Repository Load Complete
",329,25,,,8/26/15,6ff2a8b6-1435-5fab-b37b-eced9a5a87a5,https://repository.ou.edu/uuid/6ff2a8b6-1435-5fab-b37b-eced9a5a87a5,https://repository.ou.edu/embed/uuid/6ff2a8b6-1435-5fab-b37b-eced9a5a87a5,x,,9.91893E+13,Opuscula chymica,Becher_1719,Not in Virtual Exhibit,435,104,,,,5d471226-20cc-51a7-b214-6909b2813688,https://repository.ou.edu/uuid/5d471226-20cc-51a7-b214-6909b2813688,https://repository.ou.edu/embed/uuid/5d471226-20cc-51a7-b214-6909b2813688,,,,Diversarvm specvlationvm mathematicarum & physicarum,"Benedetti, Giovanni Battista (1585)",Not in Virtual Exhibit,360,,,,,,,,,2,9.91931E+13,"De motu proprio stellarum fixarum, in Abhandlungen von Friedrich Wilhelm Bessel (3 volumes?)",Bessel_1875,Not Ready for Repository,360,,,,,,,,,3,9.93682E+13,Sphaera mundi,"Biancani, Giuseppe (1620)",Not Ready for Repository,360,,,,,,,,,3,9.94828E+12,"L'usage des globes caeleste et terrestre, et des sphaeres, suivant les diffaerens systaemes du monde","Bion, Nicolas (1710)",Not Ready for Repository,360,,,,,,,,,2,9.92458E+13,De la pirotechnia,Biringuccio_1540,Not Ready for Repository,360,,,,,,,,,,9.91701E+13,The Decameron,Boccaccio; John Payne; Sir Walter Raleigh (1928),Not in Virtual Exhibit,360,,,,,,,,,,,Museo di piante,"Boccone, Paolo; Andrea Cesalpino (1697)",Not in Virtual Exhibit,360,,,,,,,,x,3,9.93011E+13,Vorstellung,Bode_1782,Not Ready for Repository,164,39,,,,8491891a-32fe-51c6-aeed-6ecd2e3a53cb,https://repository.ou.edu/uuid/8491891a-32fe-51c6-aeed-6ecd2e3a53cb,https://repository.ou.edu/embed/uuid/8491891a-32fe-51c6-aeed-6ecd2e3a53cb,x,2,9.91909E+13,Uranographia,Bode_1801,"Repository Reload Needed
",53,13,,,6/26/15,a60890c1-e10b-5334-9567-cd6ccb07ecb4,https://repository.ou.edu/uuid/a60890c1-e10b-5334-9567-cd6ccb07ecb4,https://repository.ou.edu/embed/uuid/a60890c1-e10b-5334-9567-cd6ccb07ecb4,,3,9.92159E+13,The Milky Way... drawn at the Earl of Rosseâ€™s Observatory at Birr Castle,"Boeddicker, Otto (1892)",Not Ready for Repository,360,,,,,,,,,,,Observationes circa viventia... cum micrographia curiosa,"Bonanni, Philippo (1691)",Not in Virtual Exhibit,360,,,,,,,,x,2,9.93583E+11,De motu animalium,Borelli_1680-1681,"Repository Load Complete
",969,243,,,8/4/15,000f8705-6a22-5f89-a1f0-091b3fcd5227,https://repository.ou.edu/uuid/000f8705-6a22-5f89-a1f0-091b3fcd5227,https://repository.ou.edu/embed/uuid/000f8705-6a22-5f89-a1f0-091b3fcd5227,,3,9.93583E+11,De motu animalium,Borelli_1685,"Repository Load Complete
",741,61,,,8/26/15,,,,,2,9.91155E+13,Libro de abacho,Borghi_1517,Not Ready for Repository,360,,,,,,,,x,3,9.94152E+12,Sopra il turbine,Boscovich_1749,"Repository Load Complete
",244,13,,,7/28/15,ae426e6b-55f8-568c-bef0-a337978076a6,https://repository.ou.edu/uuid/ae426e6b-55f8-568c-bef0-a337978076a6,https://repository.ou.edu/embed/uuid/ae426e6b-55f8-568c-bef0-a337978076a6,x,2,9.91289E+13,"New experiments physicoÂ_mechanical, touching the spring and weight of the air, and their effects [Spring of the Air]",Boyle_1660,Not Ready for Repository,449,,,,,942bcf18-1e20-53f1-9dfd-526a1444ec2c,https://repository.ou.edu/uuid/942bcf18-1e20-53f1-9dfd-526a1444ec2c,https://repository.ou.edu/embed/uuid/942bcf18-1e20-53f1-9dfd-526a1444ec2c,,,,"""An Account of a New Discovered Motion of the Fixâ€™d Stars,"" in Philosophical Transactions of the Royal Society of London (1720), No. 406, pages 637-660","Bradley, James (1729)",Not Ready for Repository,360,,,,,,,,,3,9.92386E+13,Epistolarum astronomicarum,"Brahe, Tycho (1596)",Not Ready for Repository,360,,,,,,,,,1,9.9304E+13,Astronomiae instauratae mechanica,Brahe_1602,"Repository Load Complete
",121,13,,,8/4/15,,,,,3,9.911E+13,Opera omnia,"Brahe, Tycho (1648)",Not Ready for Repository,360,,,,,,,,,3,9.93375E+13,Diarium astrologicum,"Brahe, Tycho; Elias Morsing (1586)",Not Ready for Repository,360,,,,,,,,,,,Herbarum vivae eicones: ad nature imitationem,"Brunfels, Otto (1530-32)",Not in Virtual Exhibit,360,,,,,,,,,3,9.93342E+13,De progressu et lampade venatoria logicorum,"Bruno, Giordano (1648 or 1587)",Not Ready for Repository,360,,,,,,,,,3,9.92009E+13,Le Ciel ReformÃ©,"Bruno, Giordano (1750)",Not Ready for Repository,360,,,,,,,,,,9.9238E+13,[Vindici geologic?] inaugural lecture at Oxford,"Buckland, William (1823)",Not in Virtual Exhibit,360,,,,,,,,,,9.91521E+13,Histoire naturelle [Lynx illustration in vol 9 of 44 volumes],"Buffon, Georges Louis Leclerc, comte de (1749-1804)",Not in Virtual Exhibit,360,,,,,,,,,,9.92826E+13,Observations circa viventia... cum micrographia curiosa,"Buonanni, Philippo",Not in Virtual Exhibit,360,,,,,,,,,3,9.93669E+13,Theory of the Earth (2 volumes),"Burnet, Thomas (1684)",Not Ready for Repository,360,,,,,,,,,,,Geography of the Heavens,"Burritt, Elijah H.  (1856)",Not in Virtual Exhibit,360,,,,,,,,,3,9.92627E+13,The Anatomy of Melancholy,"Burton, Robert (1628)",Not Ready for Repository,360,,,,,,,,,2,9.93466E+13,The First Six Books of Euclid in which Colored Diagrams and Symbols are used instead of Letters for the greater ease of Learners,Byrne_1847,"Repository Load Complete
",313,72,,,7/28/15,,,,,3,9.91555E+13,Works (11 volumes),"Byron, Lord (1815-1824)",Not Ready for Repository,360,,,,,,,,x,3,9.91051E+13,Apologia pro Galileo,Campanella_1622,"Repository Load Complete
",71,4.5,,,7/28/15,11d544ab-9d54-59dd-9896-360fee562a8e,https://repository.ou.edu/uuid/11d544ab-9d54-59dd-9896-360fee562a8e,https://repository.ou.edu/embed/uuid/11d544ab-9d54-59dd-9896-360fee562a8e,x,2,9.92148E+13,Opus Martiani Capelle De nuptijs philologie [et] Mercurij libri duo,Capella_1499,"Repository Load Complete
",261,63,,,6/24/15,52b12aab-dc8d-5ce7-b547-808d5254fc71,https://repository.ou.edu/uuid/52b12aab-dc8d-5ce7-b547-808d5254fc71,https://repository.ou.edu/embed/uuid/52b12aab-dc8d-5ce7-b547-808d5254fc71,x,2,9.92135E+13,Tyrocinia Astronomica,Capra_1606,"Repository Load Complete
",35,8,,,6/24/15,ac7d36e5-1334-5eb4-9d8d-2edfccc7e89a,https://repository.ou.edu/uuid/ac7d36e5-1334-5eb4-9d8d-2edfccc7e89a,https://repository.ou.edu/embed/uuid/ac7d36e5-1334-5eb4-9d8d-2edfccc7e89a,x,,9.92487E+12,Martis circa axem proprium revolubilis observationes Bononiae,Cassini_1666,"Repository Load Complete
",17,4,,,6/24/15,a3afd0a7-1a31-50fb-aebc-e0ca982103e0,https://repository.ou.edu/uuid/a3afd0a7-1a31-50fb-aebc-e0ca982103e0,https://repository.ou.edu/embed/uuid/a3afd0a7-1a31-50fb-aebc-e0ca982103e0,x,2,9.92783E+13,Risposta alle opposizioni del S. Lodovico delle Colombe...,Castelli_1615,"Repository Load Complete
",353,101,,,8/21/15,5cfff264-d9b6-5c5a-98b5-8d193a01f6ee,https://repository.ou.edu/uuid/5cfff264-d9b6-5c5a-98b5-8d193a01f6ee,https://repository.ou.edu/embed/uuid/5cfff264-d9b6-5c5a-98b5-8d193a01f6ee,,2,9.91676E+12,The Courtier,Castiglione_1724,"AWS job B2VXZ, 8/24/2015",360,,,,,,,,,3,9.93314E+13,"Lo specchio vstorio: overo, Trattato delle settioni coniche","Cavalieri, Bonaventura (1632)",Not Ready for Repository,360,,,,,,,,x,2,9.9553E+13,Apiarium,Cesi_1625_Apiarium,"Repository Load Complete
",12,8.7,,,8/21/15,52dc265f-d807-577c-a87f-cc2cc24336e4,https://repository.ou.edu/uuid/52dc265f-d807-577c-a87f-cc2cc24336e4,https://repository.ou.edu/embed/uuid/52dc265f-d807-577c-a87f-cc2cc24336e4,,2,9.96483E+12,Workes,Chaucer_1598,"Repository Load Complete
",885,209,,,8/22/15,,,,,3,9.9305E+13,In Sphaeram Ioannis de Sacro Bosco commentarius,"Clavius, Christoph (1570)",Not Ready for Repository,360,,,,,,,,,2,9.91054E+13,Exoticorum,Clusius_1605,Not Ready for Repository,360,,,,,,,,,2,9.91915E+13,De re anatomica,Colombo_1559,"Repository Load Complete
",289,73,,,8/22/15,,,,x,3,9.92669E+13,Phytobasanos,Colonna_1592,Not Ready for Repository,183,44,,,,8660dca3-4a6f-5302-bf7a-3aed14bcdcef,https://repository.ou.edu/uuid/8660dca3-4a6f-5302-bf7a-3aed14bcdcef,https://repository.ou.edu/embed/uuid/8660dca3-4a6f-5302-bf7a-3aed14bcdcef,,,9.93579E+13,Liber de centro gravitatis solidorum,"Commandino, Frederico (1565)",Not in Virtual Exhibit,360,,,,,,,,,3,9.92024E+13,Memoirs... made in a late Journey through the Empire of China [second edition],"Comte, Louis le (1698)",Not Ready for Repository,360,,,,,,,,,2,9.91753E+13,Sinarum philosophus,Confucius_1687,Not Ready for Repository,360,,,,,,,,x,1,9.94441E+12,De revolvtionibvs orbium coelestium,Copernicus_1543,"Repository Load Complete
",476,15,,,6/24/15,30a3fa59-6f83-53f3-b976-45ecefa2602c,https://repository.ou.edu/uuid/30a3fa59-6f83-53f3-b976-45ecefa2602c,https://repository.ou.edu/embed/uuid/30a3fa59-6f83-53f3-b976-45ecefa2602c,,3,9.9153E+13,De revolutionibus orbium coelestium,"Copernicus, Nicolaus (1566)",Not Ready for Repository,360,,,,,,,,,3,9.98487E+12,De revolutionibus orbium coelestium [third edition],"Copernicus, Nicolaus (1617)",Not Ready for Repository,360,,,,,,,,,3,,"""Sur les Ã‰quations du Mouvement Relatif des SystÃ¨mes de Corps,"" in Journal de lâ€™Ecole Royale Polytechnique (1835), Vol. 15, pages 144-154","Coriolis, Gaspard-Gustave de (1835)",Not Ready for Repository,360,,,,,,,,x,2,9.93505E+13,Epitome cosmografica,Coronelli_1693,"Repository Load Complete
",668,160,,,8/4/15,63c023ea-0707-5e3e-999a-ccd79e2ba3b7,https://repository.ou.edu/uuid/63c023ea-0707-5e3e-999a-ccd79e2ba3b7,https://repository.ou.edu/embed/uuid/63c023ea-0707-5e3e-999a-ccd79e2ba3b7,x,1,9.9553E+13,Parte Occidentale della China [map],Coronelli_1696,"Repository Load Complete
",4,0.35,,,8/5/15,63384b09-d528-5031-8b85-3be90c4281fd,https://repository.ou.edu/uuid/63384b09-d528-5031-8b85-3be90c4281fd,https://repository.ou.edu/embed/uuid/63384b09-d528-5031-8b85-3be90c4281fd,,2,9.91308E+13,Ruralium commodorum,Crescenzi_1471,Not Ready for Repository,360,,,,,,,,x,2,9.92027E+13,Urania propitia,Cunitz_1650,"AWS job B2VXZ, 8/24/2015",622,149,,,,18f3efd4-aa3d-5201-86ad-ae12aacca599,https://repository.ou.edu/uuid/18f3efd4-aa3d-5201-86ad-ae12aacca599,https://repository.ou.edu/embed/uuid/18f3efd4-aa3d-5201-86ad-ae12aacca599,,,,Essai sur la geographie mineralogique des environs de Paris,"Cuvier, Georges; Alexandre Brongniart (1810)",Not Ready for Repository,360,,,,,,,,x,2,9.91881E+13,Meteorological Essays,Dalton_1793,"Repository Load Complete
",233,20,,,7/30/15,1e8d1173-7c2b-5b8f-9f11-f346b9fdeedd,https://repository.ou.edu/uuid/1e8d1173-7c2b-5b8f-9f11-f346b9fdeedd,https://repository.ou.edu/embed/uuid/1e8d1173-7c2b-5b8f-9f11-f346b9fdeedd,,2,9.91364E+13,Divine Comedy,Dante (1757-1759),Not Ready for Repository,360,,,,,,,,,3,9.98642E+12,"Primo volume dell'vso et fabbrica dell'astrolabio, et de planisferio","Danti, Ignazio (1578)",Not Ready for Repository,360,,,,,,,,,,9.93042E+13,The Zoology of the Voyage of the Beagle (3 vols),"Darwin, Charles (1838-1843)",Not in Virtual Exhibit,360,,,,,,,,,,,,"Darwin, Charles",Not in Virtual Exhibit,360,,,,,,,,,,,,"Darwin, Charles",Not in Virtual Exhibit,360,,,,,,,,,,,"Journal of Researches, vol. 3","Darwin, Charles; Robert Fitzroy (1839)",Not in Virtual Exhibit,360,,,,,,,,,3,9.92201E+12,The Botanic Garden,"Darwin, Erasmus (1790)",Not Ready for Repository,360,,,,,,,,x,2,9.9352E+13,Trattato della pittura,DaVinci_1651,"Repository Load Complete
",236,57,,,6/24/15,b66ad751-5db6-52ae-93a5-cb91fa18b4c0,https://repository.ou.edu/uuid/b66ad751-5db6-52ae-93a5-cb91fa18b4c0,https://repository.ou.edu/embed/uuid/b66ad751-5db6-52ae-93a5-cb91fa18b4c0,x,3,9.92179E+13,Traite de la peinture,DaVinci_1716,Not Ready for Repository,521,125,,,,d20f1269-24dd-5afa-99bd-2abbb0495b9f,https://repository.ou.edu/uuid/d20f1269-24dd-5afa-99bd-2abbb0495b9f,https://repository.ou.edu/embed/uuid/d20f1269-24dd-5afa-99bd-2abbb0495b9f,x,2,9.92676E+13,"Les mÃ©tÃ©ores, in Discours de la mÃ©thode pour bien conduire sa raison",Descartes_1637,"Repository Load Complete
",539,32,,,8/4/15,8102c8db-8d9a-5927-9f24-d4f90b604fd0,https://repository.ou.edu/uuid/8102c8db-8d9a-5927-9f24-d4f90b604fd0,https://repository.ou.edu/embed/uuid/8102c8db-8d9a-5927-9f24-d4f90b604fd0,,2,9.91711E+13,Principia philosophia,"Descartes_1644
","Repository Load Complete
",345,25,,,8/17/15,,,,x,2,9.93794E+12,De homine,Descartes_1662,"Repository Load Complete
",194,14,,,7/28/15,b75b3c28-4368-5eed-8f8b-0821fa365068,https://repository.ou.edu/uuid/b75b3c28-4368-5eed-8f8b-0821fa365068,https://repository.ou.edu/embed/uuid/b75b3c28-4368-5eed-8f8b-0821fa365068,,3,9.92909E+13,"L'homme de RenÃ© Descartes, et la formation du foetus",Descartes_1677,Not Ready for Repository,360,,,,,,,,x,3,9.9553E+13,[Celestial globe gores],Deuvez_Nolin_1693,"AWS job XERW3, 8/21/2015",18,2,,,,8f7fc7d5-2163-5ab7-9a42-2fda52fa9c6f,https://repository.ou.edu/uuid/8f7fc7d5-2163-5ab7-9a42-2fda52fa9c6f,https://repository.ou.edu/embed/uuid/8f7fc7d5-2163-5ab7-9a42-2fda52fa9c6f,x,2,9.99639E+12,A Prognostication euerlasting of right good effect...; Lately corrected and augmented by Thomas Digges his sonne,Digges_1605,"Repository Load Complete
",127,30,7/10/15,7/10/15,7/18/15,8a974a11-d382-5b59-a156-b7cc85aef383,https://repository.ou.edu/uuid/8a974a11-d382-5b59-a156-b7cc85aef383,https://repository.ou.edu/embed/uuid/8a974a11-d382-5b59-a156-b7cc85aef383,,2,9.92623E+13,Shinkan Kotei meido kyukyo,Dou_1659,Not Ready for Repository,360,,,,,,,,x,2,9.91539E+13,General History of China (4 volumes),DuHalde_1741_v1,"Repository Load Complete
",563,126,,,8/5/15,13b793e9-122c-598c-b3cd-20034436fc44,https://repository.ou.edu/uuid/13b793e9-122c-598c-b3cd-20034436fc44,https://repository.ou.edu/embed/uuid/13b793e9-122c-598c-b3cd-20034436fc44,x,2,9.91539E+13,General History of China (4 volumes),DuHalde_1741_v2,"Repository Load Complete
",504,34,,,8/5/15,6124c2d3-1863-5967-8d6b-4215f60a7d17,https://repository.ou.edu/uuid/6124c2d3-1863-5967-8d6b-4215f60a7d17,https://repository.ou.edu/embed/uuid/6124c2d3-1863-5967-8d6b-4215f60a7d17,x,2,9.91539E+13,General History of China (4 volumes),DuHalde_1741_v3,"Repository Load Complete
",549,40,,,8/5/15,ee1881eb-23cc-5775-9d9a-1dcf600df4a7,https://repository.ou.edu/uuid/ee1881eb-23cc-5775-9d9a-1dcf600df4a7,https://repository.ou.edu/embed/uuid/ee1881eb-23cc-5775-9d9a-1dcf600df4a7,x,2,9.91539E+13,General History of China (4 volumes),DuHalde_1741_v4,"Repository Load Complete
",499,31,,,8/5/15,04f420ae-3154-53d1-9592-3234ca3c3673,https://repository.ou.edu/uuid/04f420ae-3154-53d1-9592-3234ca3c3673,https://repository.ou.edu/embed/uuid/04f420ae-3154-53d1-9592-3234ca3c3673,x,2,9.91213E+13,Institutionum geometricarum,Durer_1535,"Repository Load Complete
",325,83,,,8/22/15,711296ae-77d9-5470-abd0-250361567af5,https://repository.ou.edu/uuid/711296ae-77d9-5470-abd0-250361567af5,https://repository.ou.edu/embed/uuid/711296ae-77d9-5470-abd0-250361567af5,,,,"in Annalen der Physick, Volume 17 (1905)",Einstein (1905),Not in Virtual Exhibit,360,,,,,,,,,,,"in Annalen der Physick, Volume 18 (1905)",Einstein (1905),Not in Virtual Exhibit,360,,,,,,,,,,,Die Grundlage der allgemeinen Relatitatstheorie,Einstein (1916),Not in Virtual Exhibit,360,,,,,,,,,,,"in Annalen der Physick, Volume 49 (1916)",Einstein (1916),Not in Virtual Exhibit,360,,,,,,,,,2,9.92349E+13,De dissectione partium corporis humani,Estienne_1545,"Repository Load Complete
",428,107,,,8/13/15,,,,,,,,EthiopianBible,Not in Virtual Exhibit,360,,,,,,,,x,1,9.91257E+13,Preclarissimus liber elementorum Euclidis... [Elements of Geometry],Euclid_1482,"Repository Load Complete
",287,69,7/10/15,7/10/15,7/18/15,06318c35-3272-57dd-890d-5116d0cd92fc,https://repository.ou.edu/uuid/06318c35-3272-57dd-890d-5116d0cd92fc,https://repository.ou.edu/embed/uuid/06318c35-3272-57dd-890d-5116d0cd92fc,x,2,9.91915E+13,The elements of geometrie of the most auncient philosopher Evclide of Megara... [Elements of Geometry],Euclid_1570,"Repository Load Complete
",997,247,,,8/17/15,39232cf3-61a7-5fd6-a34d-a74a8636f080,https://repository.ou.edu/uuid/39232cf3-61a7-5fd6-a34d-a74a8636f080,https://repository.ou.edu/embed/uuid/39232cf3-61a7-5fd6-a34d-a74a8636f080,x,1,9.91295E+13,KitÄÅb taá¸¥rÄ«r uá_£Å«l lÂ_-ÅªqlÄ«dus [Elements of Geometry],Euclid_1594,"Repository Load Complete
",463,95,,,8/6/15,8689ed2b-674c-5e95-88c0-1ef0672a1270,https://repository.ou.edu/uuid/8689ed2b-674c-5e95-88c0-1ef0672a1270,https://repository.ou.edu/embed/uuid/8689ed2b-674c-5e95-88c0-1ef0672a1270,,3,9.92699E+13,Euclidis Elementorum (2 volumes),Euclid; Christoph Clavius (1589),Not Ready for Repository,360,,,,,,,,,3,9.91349E+13,"Flora; overo, Cultura di fiori","Ferrari, Giovanni Battista (1638)",Not Ready for Repository,360,,,,,,,,,3,9.91586E+13,"Flora, seu, De florum cultura","Ferrari, Giovanni Battista (1644)",Not Ready for Repository,360,,,,,,,,,3,9.91533E+13,Tabulae anatomicae,Eustachi_1716,Not Ready for Repository,360,,,,,,,,x,3,9.92853E+13,Peking: Histoire et Description,Favier_1897,"AWS job B2VXZ, 8/24/2015",793,56,,,,4384805a-0d3d-5187-9198-4db730d96d47,https://repository.ou.edu/uuid/4384805a-0d3d-5187-9198-4db730d96d47,https://repository.ou.edu/embed/uuid/4384805a-0d3d-5187-9198-4db730d96d47,x,3,9.92806E+13,Astronomy explained upon Sir Isaac Newton's Principles,Ferguson_1809,"AWS job B2VXZ, 8/24/2015",630,151,,,,cf7aeada-066e-5f48-91b9-db5ab1d7ad43,https://repository.ou.edu/uuid/cf7aeada-066e-5f48-91b9-db5ab1d7ad43,https://repository.ou.edu/embed/uuid/cf7aeada-066e-5f48-91b9-db5ab1d7ad43,,3,9.92109E+13,Vies des Savants Illustres,"Figuier, Louis (1870)",Not Ready for Repository,360,,,,,,,,x,2,9.91086E+13,Tornadoes; What they are and how to observe them,Finley_1887,"Repository Load Complete
",221,17,,,8/6/15,45ca4cf6-abc8-548e-811c-6c650b653089,https://repository.ou.edu/uuid/45ca4cf6-abc8-548e-811c-6c650b653089,https://repository.ou.edu/embed/uuid/45ca4cf6-abc8-548e-811c-6c650b653089,x,3,9.95823E+12,Lâ€™Atmosphere: MÃ©tÃ©orologie Populaire,Flammarion_1888,Not Ready for Repository,864,207,,,,f52d6fab-cb31-5190-aea4-cf53de8a43b5,https://repository.ou.edu/uuid/f52d6fab-cb31-5190-aea4-cf53de8a43b5,https://repository.ou.edu/embed/uuid/f52d6fab-cb31-5190-aea4-cf53de8a43b5,x,3,9.92026E+13,Atlas coelestis,Flamsteed_1729,"AWS job 38SES, 8/21/2015",75,76,,,,fddbe842-385b-5171-92ed-e8398074075d,https://repository.ou.edu/uuid/fddbe842-385b-5171-92ed-e8398074075d,https://repository.ou.edu/embed/uuid/fddbe842-385b-5171-92ed-e8398074075d,x,3,9.92312E+12,Atlas celeste,Flamsteed_1776,Not Ready for Repository,360,,,,,ba3dd872-fe20-5daa-b699-e1c83da4f767,https://repository.ou.edu/uuid/ba3dd872-fe20-5daa-b699-e1c83da4f767,https://repository.ou.edu/embed/uuid/ba3dd872-fe20-5daa-b699-e1c83da4f767,x,1,9.92495E+13,Utriusque cosmi maioris scilicet et minoris metaphysica,Fludd_1617,"Repository Load Complete
","1,084",260,,,6/26/15,e1ed5954-a8b2-5009-a729-377775c0335d,https://repository.ou.edu/uuid/e1ed5954-a8b2-5009-a729-377775c0335d,https://repository.ou.edu/embed/uuid/e1ed5954-a8b2-5009-a729-377775c0335d,x,,9.98762E+12,Clavis philosophiae,Fludd_1633,"Repository Load Complete
",97,23,,,6/25/15,0aa822e5-616d-564e-ad18-a529f9789295,https://repository.ou.edu/uuid/0aa822e5-616d-564e-ad18-a529f9789295,https://repository.ou.edu/embed/uuid/0aa822e5-616d-564e-ad18-a529f9789295,x,3,9.91866E+13,Novae coelestium terrestriumque rerum observationes,Fontana_1646,Not Ready for Repository,173,51,,,,a4a20102-d325-5f83-8471-41b5a2c3df84,https://repository.ou.edu/uuid/a4a20102-d325-5f83-8471-41b5a2c3df84,https://repository.ou.edu/embed/uuid/a4a20102-d325-5f83-8471-41b5a2c3df84,,2,9.99452E+12,A Week's Conversation on the Plurality of Worlds [Entretiens sur la pluralite des mondes],"Fontenelle, M. de (1728)",Not Ready for Repository,360,,,,,,,,,2,,"""DÃ©monstration Physique du Mouvement de la Rotation de la Terre,"" in Comptes Rendus (1851), pages 135ff",Foucault_1851,Not Ready for Repository,360,,,,,,,,,2,9.92903E+13,The Star-Splitter,Frost_1923,Not Ready for Repository,360,,,,,,,,,2,9.96859E+12,De historia stirpium commentarii insignes,Fuchs_1542,"AWS job B2VXZ, 8/24/2015",360,,,,,,,,,3,9.94901E+12,De historia stirpium,"Fuchs, Leonhart (1551)",Not Ready for Repository,360,,,,,,,,x,2,9.9553E+13,Dialogo della musica antica,Galilei_1581,"Repository Load Complete
",174,42,7/10/15,7/10/15,7/9/15,962a8ea9-e7af-54e1-9879-5c34b9c50b1d,https://repository.ou.edu/uuid/962a8ea9-e7af-54e1-9879-5c34b9c50b1d,https://repository.ou.edu/embed/uuid/962a8ea9-e7af-54e1-9879-5c34b9c50b1d,x,1,9.9217E+13,"Le operazioni del compasso geometrico, et militare",Galileo_1606,"Repository Load Complete
",76,18,7/10/15,7/10/15,7/10/15,af092aea-4730-53be-91c3-7cc516d1227c,https://repository.ou.edu/uuid/af092aea-4730-53be-91c3-7cc516d1227c,https://repository.ou.edu/embed/uuid/af092aea-4730-53be-91c3-7cc516d1227c,x,2,9.9217E+13,Difesa di Galileo Galilei Lettore delle matematiche nello studio di Padoua contro alle calunnie & imposture di Baldessar Capra Milanese,Galileo_1607,"Repository Load Complete
",93,22,7/10/15,7/10/15,7/10/15,15289049-8f84-5a7a-aaf5-017ef09e84f8,https://repository.ou.edu/uuid/15289049-8f84-5a7a-aaf5-017ef09e84f8,https://repository.ou.edu/embed/uuid/15289049-8f84-5a7a-aaf5-017ef09e84f8,,2,9.91364E+13,Sidereus nuncius,"Galileo_1610
","AWS job HSJTU, 8/25/2015",36,9,,,,,,,x,2,9.91505E+13,"Discorso al serenissimo Don Cosimo II, gran dvca di Toscana... [Discourse on Floating Bodies]",Galileo_1612,"Repository Load Complete
",93,24,7/10/15,7/10/15,7/10/15,52d083a7-d387-5a51-8aad-34e5a04dde70,https://repository.ou.edu/uuid/52d083a7-d387-5a51-8aad-34e5a04dde70,https://repository.ou.edu/embed/uuid/52d083a7-d387-5a51-8aad-34e5a04dde70,x,2,9.93255E+13,Istoria e dimostrazioni intorno alle macchie... [On Sunspots],Galileo_1613,"Repository Load Complete
",233,49,7/11/15,7/11/15,7/10/15,ea071f45-e097-5494-8d58-edc707cf9dbf,https://repository.ou.edu/uuid/ea071f45-e097-5494-8d58-edc707cf9dbf,https://repository.ou.edu/embed/uuid/ea071f45-e097-5494-8d58-edc707cf9dbf,x,1,9.91892E+13,"Il saggiatore nel quale con bilancia... [1st edition, first state]",Galileo_1623,"AWS job HSJTU, 8/25/2015",360,,,,,e2cd1775-fe63-5e05-bb49-e5be109e8760,https://repository.ou.edu/uuid/e2cd1775-fe63-5e05-bb49-e5be109e8760,https://repository.ou.edu/embed/uuid/e2cd1775-fe63-5e05-bb49-e5be109e8760,,2,9.91892E+13,"Il saggiatore nel quale con bilancia... [later state, 1st edition]","Galileo_1623_later
","Repository Load Complete
",259,19,,,8/6/15,,,,,2,9.93674E+13,"""Mathematical Discourses,"" in Thomas Salusbury 1661 The Systeme of the World in four Dialogues","Galilei, Galileo (1661)",Not Ready for Repository,360,,,,,,,,,,,"â€œThe Ancient and Modern Doctrine of Holy Fathers,â€ù in Mathematical Collections [Salusbury]","Galilei, Galileo (1661)",Not in Virtual Exhibit,360,,,,,,,,x,2,9.91264E+13,Lettere di Galileo Galilei al principe Federigo Cesi,Galileo_1629,"Repository Load Complete
",21,5.9,7/11/15,7/11/15,7/11/15,37dce29d-f7a4-5021-b7cb-a2e7a4884562,https://repository.ou.edu/uuid/37dce29d-f7a4-5021-b7cb-a2e7a4884562,https://repository.ou.edu/embed/uuid/37dce29d-f7a4-5021-b7cb-a2e7a4884562,x,1,9.93002E+13,Dialogo di Galileo Galilei linceo matematico...,Galileo_1632,"Repository Load Complete
",509,120,7/11/15,7/12/15,7/11/15,aa542b99-30ef-5fc6-989a-16f4454ab412,https://repository.ou.edu/uuid/aa542b99-30ef-5fc6-989a-16f4454ab412,https://repository.ou.edu/embed/uuid/aa542b99-30ef-5fc6-989a-16f4454ab412,x,3,9.92135E+13,Tractatvs de proportionvm instrvmento [second edition],Galileo_1635,"Repository Load Complete
",124,34,7/12/15,7/12/15,7/11/15,bb4733f9-5d10-5312-9940-49b146889a92,https://repository.ou.edu/uuid/bb4733f9-5d10-5312-9940-49b146889a92,https://repository.ou.edu/embed/uuid/bb4733f9-5d10-5312-9940-49b146889a92,,3,9.9129E+13,"""Epistola circa Pythagoricorum, & Copernici opinionem de mobilitate terrae, et stabilitate solis..."" in Galileo 1635 Systema cosmicum",Galileo_1635_Sys,"Repository Load Complete
",545,35,,,8/13/15,,,,x,1,9.92068E+13,Nov-antiqua sanctissimorum patrum [Letter to the Grand Duchess Christina],Galileo_1636,"Repository Load Complete
",83,22,7/12/15,7/12/15,7/11/15,bfdce84e-b22a-5f26-b539-46ffd65b44e0,https://repository.ou.edu/uuid/bfdce84e-b22a-5f26-b539-46ffd65b44e0,https://repository.ou.edu/embed/uuid/bfdce84e-b22a-5f26-b539-46ffd65b44e0,x,2,9.91985E+13,Discorsi e dimostrazioni matematiche intorno a due nuoue scienze,Galileo_1638,"Repository Reload Needed
",342,82,,,7/11/15,74fc15a9-edd2-54dd-bc74-d43a2b53d68b,https://repository.ou.edu/uuid/74fc15a9-edd2-54dd-bc74-d43a2b53d68b,https://repository.ou.edu/embed/uuid/74fc15a9-edd2-54dd-bc74-d43a2b53d68b,597435-1001,,,"Discorsi Ã  Due Nuove Scienze, in Opera di Galileo Galilei (2 volumes)",Galileo_1656_v1,Not Ready for Repository,360,,,,,,,,,,,"Discorsi Ã  Due Nuove Scienze, in Opera di Galileo Galilei (2 volumes)",Galileo_1656_v2,Not Ready for Repository,360,,,,,,,,,1,9.915E+13,Mathematical Discourses [transl. Thomas Weston],"Galileo_1730
","AWS job HSJTU, 8/25/2015",524,126,,,,,,,x,,9.94794E+12,Considerazioni al Tasso,Galileo_1793_Con_Rom,Not in Virtual Exhibit,142,34,,,6/23/15,69c9c14c-640f-5a74-ab36-e7fda8226268,https://repository.ou.edu/uuid/69c9c14c-640f-5a74-ab36-e7fda8226268,https://repository.ou.edu/embed/uuid/69c9c14c-640f-5a74-ab36-e7fda8226268,x,2,9.94794E+12,Considerazioni al Tasso,Galileo_1793_Con_Ven,"Repository Load Complete
",297,71,,,?,85dd9e70-db53-52ba-8162-82672e057307,https://repository.ou.edu/uuid/85dd9e70-db53-52ba-8162-82672e057307,https://repository.ou.edu/embed/uuid/85dd9e70-db53-52ba-8162-82672e057307,,3,9.9543E+12,Lettera Madama Cristina di Lorena,"Galilei, Galileo (1967)",Not Ready for Repository,360,,,,,,,,x,2,9.92249E+13,Theatrum mundi,Gallucci_1588,"Repository Load Complete
",555,46,,,8/6/15,8f7f21fd-e339-5646-a738-223640e8318a,https://repository.ou.edu/uuid/8f7f21fd-e339-5646-a738-223640e8318a,https://repository.ou.edu/embed/uuid/8f7f21fd-e339-5646-a738-223640e8318a,x,3,9.95631E+13,"""A Description of the Plan of Peking, the Capital of China,"" Philosophical Transactions of the Royal Society of London, Vol. 50, Part 2",Gaubil_1758,"Repository Load Complete
",32,2.1,,,8/13/15,641949b1-d13d-5821-b238-ae774c4e078f,https://repository.ou.edu/uuid/641949b1-d13d-5821-b238-ae774c4e078f,https://repository.ou.edu/embed/uuid/641949b1-d13d-5821-b238-ae774c4e078f,,,,De naturae divinis characterismis,"Gemma, Cornelius (1575)",Not in Virtual Exhibit,360,,,,,,,,,2,9.94657E+12,The herball,Gerard_1597,"AWS job B2VXZ, 8/24/2015",360,,,,,,,,,,9.91073E+13,De rerum fossilium,"Gesner, Conrad (1565)",Not in Virtual Exhibit,360,,,,,,,,,2,9.93327E+13,De magnete,Gilbert_1600,"Repository Load Complete
",271,75,,,8/18/15,,,,x,,9.93318E+13,De mundo nostro sublunari philosophia nova,Gilbert_1651,"Repository Load Complete
",347,83,,,6/25/15,62b7e8ad-2a9b-5b64-8582-83158c32119d,https://repository.ou.edu/uuid/62b7e8ad-2a9b-5b64-8582-83158c32119d,https://repository.ou.edu/embed/uuid/62b7e8ad-2a9b-5b64-8582-83158c32119d,x,3,9.92138E+13,"Libra astronomica ac philosophica, qua Galilaei Galilaei opiniones de cometis a Mario Guiducio...",Grassi_1619,"Repository Load Complete
",81,15,,,6/26/15,6add0b46-1a19-5126-8883-0ce24cd4ee9c,https://repository.ou.edu/uuid/6add0b46-1a19-5126-8883-0ce24cd4ee9c,https://repository.ou.edu/embed/uuid/6add0b46-1a19-5126-8883-0ce24cd4ee9c,,3,9.92138E+13,De tribus cometis anni MDCXVIII,Grassi_1619_Det,Not Ready for Repository,360,,,,,,,,x,1,9.91203E+13,Tractatus de sphaera [manuscript],Grassi_1623,"Repository Load Complete
",206,54,7/12/15,7/12/15,7/12/15,88ab1a8a-e45c-5bab-a6ac-4f1148a960dc,https://repository.ou.edu/uuid/88ab1a8a-e45c-5bab-a6ac-4f1148a960dc,https://repository.ou.edu/embed/uuid/88ab1a8a-e45c-5bab-a6ac-4f1148a960dc,,3,9.99327E+12,Ratio ponderum librÃ_ et simbellÃ_,"Grassi, Orazio (1627)",Not Ready for Repository,360,,,,,,,,,3,9.99939E+12,Abbildung und Beschreibung deÃŸ wunderwÃ_rdigen unvergleichlichen Cometen [Great Comet of 1680],Great_Comet_1680,"Repository Load Complete
",2,0.54,,,8/8/15,,,,,3,9.91572E+13,Micrographia nova,Griendel_1687,Not Ready for Repository,140,,,,,,,,,,,Discorso astrologico ,"Grimaldi, Lorenzo (1650)",Not in Virtual Exhibit,360,,,,,,,,,3,9.93375E+13,Experimenta nova,Guericke_1672,Not Ready for Repository,9,,,,,,,,,2,9.92192E+13,Discorso delle comete [di mario Gvidvcci...],Guiducci_1619,"Repository Load Complete
",69,4,,,8/6/15,,,,,3,9.9215E+13,Catalogus stellarum australium,"
Halley, Edmond (1679)",Not Ready for Repository,360,,,,,,,,x,,9.92249E+13,"""Astronomiae Cometicae Synopsis,"" Philosophical Transactions, Royal Society of London (London, 1705), Vol. 24, No. 196, pp. 1882-1899.",Halley_1705,Not in Virtual Exhibit,40,10,,,,c8fe2374-3886-579f-b502-cd84d35572dd,https://repository.ou.edu/uuid/c8fe2374-3886-579f-b502-cd84d35572dd,https://repository.ou.edu/embed/uuid/c8fe2374-3886-579f-b502-cd84d35572dd,x,3,9.92725E+13,The anatomical exercises of Dr. William Harvey,Harvey_1653_Ana,"AWS job 38SES, 8/21/2015",399,96,,,,918ecf3c-71e1-563e-b012-229422a7c9d4,https://repository.ou.edu/uuid/918ecf3c-71e1-563e-b012-229422a7c9d4,https://repository.ou.edu/embed/uuid/918ecf3c-71e1-563e-b012-229422a7c9d4,x,,9.92725E+13,The anatomical exercises of Dr. William Harvey,Harvey_1653_Ana2,"AWS job 38SES, 8/21/2015",360,,,,,33ec0295-022e-5f09-839c-b0ed7a9701d7,https://repository.ou.edu/uuid/33ec0295-022e-5f09-839c-b0ed7a9701d7,https://repository.ou.edu/embed/uuid/33ec0295-022e-5f09-839c-b0ed7a9701d7,,2,9.9242E+13,Anatomicum vivum,Hellwig_1720,Not Ready for Repository,360,,,,,,,,x,2,9.91449E+13,"Nova plantarvm, animalivm et mineralivm Mexicanorvm historia",Hernandez_1651,"Repository Load Complete
","1,112",267,7/13/15,7/16/15,7/28/15,5507f157-69a8-5f81-88ff-beb716f28e30,https://repository.ou.edu/uuid/5507f157-69a8-5f81-88ff-beb716f28e30,https://repository.ou.edu/embed/uuid/5507f157-69a8-5f81-88ff-beb716f28e30,,3,9.91005E+13,Spiritalium liber [translated by Federico Commandino],Hero of Alexandria (1575),Not Ready for Repository,360,,,,,,,,,2,9.91967E+13,Memoir and Correspondence of Caroline Herschel,Herschel_1876,"Repository Load Complete
",419,28,,,8/13/15,,,,,2,9.92501E+13,Opera,Hesiod_1559,Not Ready for Repository,190,,,,,,,,x,2,9.92255E+13,Selenographia,Hevelius_1647,"Repository Load Complete
",797,181,7/13/15,7/15/15,7/13/15,cc8dd647-100f-5781-b75e-1b8a1776ff11,https://repository.ou.edu/uuid/cc8dd647-100f-5781-b75e-1b8a1776ff11,https://repository.ou.edu/embed/uuid/cc8dd647-100f-5781-b75e-1b8a1776ff11,x,1,9.92486E+13,Cometographia,Hevelius_1668,"Repository Load Complete
","1,088",261,,,8/19/15,13f2277b-1fbd-5367-87fd-3a728cb44009,https://repository.ou.edu/uuid/13f2277b-1fbd-5367-87fd-3a728cb44009,https://repository.ou.edu/embed/uuid/13f2277b-1fbd-5367-87fd-3a728cb44009,,3,9.92531E+12,Annus climactericus,"Hevelius, Johannes (1685)",Not Ready for Repository,360,,,,,,,,,,9.95777E+13,"Firmamentum Sobiescianum, sive Uranographia [In Prodromus astronomiae]",Hevelius_1690,Not in Virtual Exhibit,901,216,,,,,,,,2,9.92853E+12,Physica,Hildegard_1533,"Repository Load Complete
",349,31,,,8/6/15,,,,x,2,9.91643E+13,Hippocratis coi Opera,Hippocrates_1588,"AWS job XERW3, 8/21/2015","1,249",283,,,,a058f128-d6cf-5876-b6c1-2b18faf9cb57,https://repository.ou.edu/uuid/a058f128-d6cf-5876-b6c1-2b18faf9cb57,https://repository.ou.edu/embed/uuid/a058f128-d6cf-5876-b6c1-2b18faf9cb57,x,,9.92456E+13,Description et explication des globes qui sont placÃ©s dans les pavillons du ChÃ¢teau de Marly,Hire_1704,Not in Virtual Exhibit,121,29,,,,34f1dc5b-35eb-5963-abb9-4dd83826be89,https://repository.ou.edu/uuid/34f1dc5b-35eb-5963-abb9-4dd83826be89,https://repository.ou.edu/embed/uuid/34f1dc5b-35eb-5963-abb9-4dd83826be89,,3,9.93389E+13,Figures de la Bible,Hoet_1728,"AWS job XERW3, 8/21/2015",546,131,,,,,,,,2,9.93126E+13,Micrographia,Hooke_1665,Not Ready for Repository,360,,,,,,,,,3,9.91414E+13,The Realm of the Nebulae,"Hubble, Edwin (1936)",Not Ready for Repository,360,,,,,,,,,2,9.92487E+13,The Natural History of Human Teeth,Hunter_1803,"AWS job XERW3, 8/21/2015",360,,,,,,,,,2,9.91768E+13,Kritischer Kommentar Ã_ber die Ã¶streichische Provinzialpharmakopee [PharmacopÅ“a Austriaco-Provincialis],Huszty_ Raszynya_1785,"Repository Load Complete
",329,19,,,8/22/15,,,,x,3,9.91096E+13,Systema Saturnum,Huygens_1659,"Repository Load Complete
",107,26,,,6/27/15,eb1fb2ef-4f05-5e1c-9ec3-0abd2756764e,https://repository.ou.edu/uuid/eb1fb2ef-4f05-5e1c-9ec3-0abd2756764e,https://repository.ou.edu/embed/uuid/eb1fb2ef-4f05-5e1c-9ec3-0abd2756764e,x,3,9.91828E+13,"The celestial worlds discover'd, or, Conjectures concerning the inhabitants, plants and productions of the worlds in the planets",Huygens_1698_Cel,"Repository Load Complete
",195,47,,,6/28/15,d9435292-1436-5794-b614-436b96ca252b,https://repository.ou.edu/uuid/d9435292-1436-5794-b614-436b96ca252b,https://repository.ou.edu/embed/uuid/d9435292-1436-5794-b614-436b96ca252b,x,,9.9221E+13,Poeticon Astronomicon,Hyginus_1482,Not in Virtual Exhibit,130,31,,,,3e8c3652-d3f7-5137-83d3-078a8b068bf1,https://repository.ou.edu/uuid/3e8c3652-d3f7-5137-83d3-078a8b068bf1,https://repository.ou.edu/embed/uuid/3e8c3652-d3f7-5137-83d3-078a8b068bf1,x,3,9.93105E+13,Poeticon astronomicon,Hyginus_1485,"Repository Load Complete
",121,11,,,8/6/15,084b8667-bda0-536f-8741-72d06342067a,https://repository.ou.edu/uuid/084b8667-bda0-536f-8741-72d06342067a,https://repository.ou.edu/embed/uuid/084b8667-bda0-536f-8741-72d06342067a,,3,9.91199E+13,Dellâ€™ historia naturale,"Imperato, Ferrante (1599)",Not Ready for Repository,360,,,,,,,,,,,Fuku (no) Sho [manuscript],"Ise, Heizo Sadatake (1846)",Not in Virtual Exhibit,360,,,,,,,,,3,,Kasakake zenki [manuscript],"Ise, Heizo Sadatake (c.1846)",Not Ready for Repository,360,,,,,,,,,2,9.92532E+13,An Inquiry into the Causes and Effects of the Variolae Vaccinae [The Cow Pox],Jenner_1798,"Repository Load Complete
",182,41,,,8/13/15,,,,x,2,9.99196E+12,Mysterium cosmographium [Prodromus],Kepler_1596,"Repository Load Complete
",218,17,7/29/15,,7/29/15,637329b4-fd2e-52bf-ba07-cc17c8602a4e,https://repository.ou.edu/uuid/637329b4-fd2e-52bf-ba07-cc17c8602a4e,https://repository.ou.edu/embed/uuid/637329b4-fd2e-52bf-ba07-cc17c8602a4e,x,2,9.93212E+13,De stella nova in pede serpentarii,Kepler_1606,"Repository Load Complete
",264,63,,,6/28/15,63447f70-a0d0-5356-8c60-1888f0544b82,https://repository.ou.edu/uuid/63447f70-a0d0-5356-8c60-1888f0544b82,https://repository.ou.edu/embed/uuid/63447f70-a0d0-5356-8c60-1888f0544b82,x,,9.93229E+13,AussfÃ_hrlicher Bericht von dem newlich im Monat Septembri und Octobri diss 1607,Kepler_1608,Not in Virtual Exhibit,57,14,,,,392d28f3-6474-5e94-af34-82e562be7f99,https://repository.ou.edu/uuid/392d28f3-6474-5e94-af34-82e562be7f99,https://repository.ou.edu/embed/uuid/392d28f3-6474-5e94-af34-82e562be7f99,x,2,9.93505E+13,Astronomia nova,Kepler_1609,"Repository Load Complete
",396,95,,,6/29/15,e5327585-38fd-5dcd-8e69-966f9c3a2532,https://repository.ou.edu/uuid/e5327585-38fd-5dcd-8e69-966f9c3a2532,https://repository.ou.edu/embed/uuid/e5327585-38fd-5dcd-8e69-966f9c3a2532,x,,9.94418E+12,Dissertatio cum Nuncio sidereo,Kepler_1611,"Repository Load Complete
",72,17,,,6/29/15,eec8802e-59e0-51a6-a322-fa3404a50656,https://repository.ou.edu/uuid/eec8802e-59e0-51a6-a322-fa3404a50656,https://repository.ou.edu/embed/uuid/eec8802e-59e0-51a6-a322-fa3404a50656,x,,9.96172E+12,Dioptrice,Kepler_1611_Dio,"Repository Load Complete
",136,33,,,6/29/15,075d572d-a051-59c0-a0f6-efd4f554db72,https://repository.ou.edu/uuid/075d572d-a051-59c0-a0f6-efd4f554db72,https://repository.ou.edu/embed/uuid/075d572d-a051-59c0-a0f6-efd4f554db72,x,2,9.99645E+12,Strena,Kepler_1611_Strena,"Repository Load Complete
",37,9,,,6/29/15,d735dcea-437c-5023-8c21-db112524337c,https://repository.ou.edu/uuid/d735dcea-437c-5023-8c21-db112524337c,https://repository.ou.edu/embed/uuid/d735dcea-437c-5023-8c21-db112524337c,,3,9.92986E+13,De cometis libelli tres [De cometis qui annis 1607 & 1618],Kepler_1619,"Repository Load Complete
",208,54,,,8/8/15,,,,x,1,9.9284E+13,Harmonices mvndi,Kepler_1619_Har,"Repository Load Complete
",347,83,,,6/29/15,08538a3a-81d3-557d-97b0-ff385061caf7,https://repository.ou.edu/uuid/08538a3a-81d3-557d-97b0-ff385061caf7,https://repository.ou.edu/embed/uuid/08538a3a-81d3-557d-97b0-ff385061caf7,x,3,9.9456E+12,Tychonis Brahei dani Hyperaspistes,Kepler_1625,"Repository Load Complete
",233,56,,,6/29/15,d5f5477d-4256-55fa-8f6e-624f17695b26,https://repository.ou.edu/uuid/d5f5477d-4256-55fa-8f6e-624f17695b26,https://repository.ou.edu/embed/uuid/d5f5477d-4256-55fa-8f6e-624f17695b26,x,3,9.93905E+12,Tabulae Rudolphinae,Kepler_1629,"Repository Load Complete
",275,66,,,6/30/15,8659353c-4b0e-5d8b-84fe-5cb1213b28ff,https://repository.ou.edu/uuid/8659353c-4b0e-5d8b-84fe-5cb1213b28ff,https://repository.ou.edu/embed/uuid/8659353c-4b0e-5d8b-84fe-5cb1213b28ff,x,3,9.92651E+13,Admonitio ad astronomos,Kepler_1630,"Repository Load Complete
",25,6,,,6/30/15,0918f030-2c26-59f4-ba72-ba495545f6a7,https://repository.ou.edu/uuid/0918f030-2c26-59f4-ba72-ba495545f6a7,https://repository.ou.edu/embed/uuid/0918f030-2c26-59f4-ba72-ba495545f6a7,,3,9.93674E+13,"""An Abstract of the Learned Treatise... the Introduction upon Mars,"" in Mathematical Discourses 1661, edited by Thomas Salusbury [Copy 2]","Kepler, Johannes (1661)",Not Ready for Repository,360,,,,,,,,,,9.92179E+13,Ars magna lucis et umbrae,"Kircher, Athanasius (1646)",Not in Virtual Exhibit,360,,,,,,,,x,2,9.91811E+13,Musurgia universalis,Kircher_1650,"AWS job XERW3, 8/21/2015","1,290",310,,,,cd2bdcb5-69e3-5a04-b63e-44c7add6b2aa,https://repository.ou.edu/uuid/cd2bdcb5-69e3-5a04-b63e-44c7add6b2aa,https://repository.ou.edu/embed/uuid/cd2bdcb5-69e3-5a04-b63e-44c7add6b2aa,,2,9.99735E+12,Iter exstaticum coeleste,Kircher_1660,Not Ready for Repository,360,,,,,,,,x,2,9.92447E+13,"Mundus subterraneus [Copy 2 - brown cover, additional plates before/after first tp]",Kircher_1665,"Repository Load Complete
","1,027",255,,,8/20/15,c46a23ac-ed82-53f7-a9da-d25764b45862,https://repository.ou.edu/uuid/c46a23ac-ed82-53f7-a9da-d25764b45862,https://repository.ou.edu/embed/uuid/c46a23ac-ed82-53f7-a9da-d25764b45862,x,2,9.92952E+13,China Monumentis,Kircher_1667,"Repository Load Complete
",334,87,,,8/24/15,af6078da-e7f7-5909-b6c9-a03806bcb10f,https://repository.ou.edu/uuid/af6078da-e7f7-5909-b6c9-a03806bcb10f,https://repository.ou.edu/embed/uuid/af6078da-e7f7-5909-b6c9-a03806bcb10f,x,3,9.92261E+13,"Chine, IllustrÃ© de Plusieurs Monuments",Kircher_1670,"AWS job XERW3, 8/21/2015",463,39,,,,b0e587f3-e579-5d1c-862f-cb76ac218aa8,https://repository.ou.edu/uuid/b0e587f3-e579-5d1c-862f-cb76ac218aa8,https://repository.ou.edu/embed/uuid/b0e587f3-e579-5d1c-862f-cb76ac218aa8,,3,,"""Planisphere contenant les Constellations Celestes"", in: Memoires Academie Royale des Sciences pour 1752","Lacaille, Nicolas (1756)",Not Ready for Repository,360,,,,,,,,x,2,9.93008E+13,In astrolabium introductorio [in Astronomi...],Lansbergen_1635,Not Ready for Repository,360,,,,,1203a596-c9c3-53f0-8963-dd7c0eba0b36,https://repository.ou.edu/uuid/1203a596-c9c3-53f0-8963-dd7c0eba0b36,https://repository.ou.edu/embed/uuid/1203a596-c9c3-53f0-8963-dd7c0eba0b36,,3,9.93008E+13,In quadrantem,Lansbergen_1635,"Repository Load Complete
",99,93,,,7/29/15,,,,,,,Histoire naturelle,"Leclerc, Georges Louis (1749-1804)",Not in Virtual Exhibit,360,,,,,,,,,3,9.92224E+13,Arcana naturae detecta,Leeuwenhoek_1695,Not Ready for Repository,590,,,,,,,,x,2,9.94267E+12,"Litheosphorus, sive, De lapide Bononiensi lucem",Liceti_1640,"Repository Load Complete
",312,25,,,8/6/15,483b0173-e99a-5f05-92bd-96d94d83a959,https://repository.ou.edu/uuid/483b0173-e99a-5f05-92bd-96d94d83a959,https://repository.ou.edu/embed/uuid/483b0173-e99a-5f05-92bd-96d94d83a959,x,3,9.92109E+13,Atlas des gestirnten Himmels,Littrow_1839,"Repository Load Complete
",103,,,,6/30/15,268f04ec-b56f-55e4-a96b-17ace0f13c28,https://repository.ou.edu/uuid/268f04ec-b56f-55e4-a96b-17ace0f13c28,https://repository.ou.edu/embed/uuid/268f04ec-b56f-55e4-a96b-17ace0f13c28,,1,9.93335E+13,Delle fortificationi,Lorini_1597,"Repository Load Complete
",236,62,,,8/19/15,,,,x,2,9.95631E+13,"â€œSketch of the Analytical Engine Invented by Charles Babbage by L.F. Menabrea... with Notes,â€ù in Scientific Memoirs, vol. 3, pp. 666-731.",Lovelace_1843,"Repository Load Complete
",73,5.2,,,7/29/15,6235e086-c11a-56f6-b50d-1b1f5aaa3f5e,https://repository.ou.edu/uuid/6235e086-c11a-56f6-b50d-1b1f5aaa3f5e,https://repository.ou.edu/embed/uuid/6235e086-c11a-56f6-b50d-1b1f5aaa3f5e,x,,9.93157E+11,Mars and its canals,Lowell_1906,Not in Virtual Exhibit,468,112,,,,b5495fb7-829f-5af5-823c-104cb46e1c7f,https://repository.ou.edu/uuid/b5495fb7-829f-5af5-823c-104cb46e1c7f,https://repository.ou.edu/embed/uuid/b5495fb7-829f-5af5-823c-104cb46e1c7f,,3,9.91682E+13,Theatrum cometicum (3 volumes),Lubieniecki_166x,Not Ready for Repository,360,,,,,,,,,3,9.93615E+13,Anothomia,"Luzzi, Mondino dei (1507)",Not Ready for Repository,360,,,,,,,,x,3,9.91598E+13,Anatomia,Luzzi_1541,"Repository Load Complete
",157,12,,,8/14/15,641d3938-5ac5-5fd5-a1aa-748e6e919368,https://repository.ou.edu/uuid/641d3938-5ac5-5fd5-a1aa-748e6e919368,https://repository.ou.edu/embed/uuid/641d3938-5ac5-5fd5-a1aa-748e6e919368,,3,9.91796E+13,Macrobii Avrelii Theodosii viri consvlaris In somnivm scipionis libri dvo [Scipio's Dream],Macrobius_1521,Not Ready for Repository,360,,,,,,,,,2,9.98423E+12,"L'Occhiale all'occhio, dioptrica practica",Manzini_1660,Not Ready for Repository,360,,,,,,,,x,2,9.91268E+13,"Description and use of both the globes, the armillary sphere, and orrery",Martin_176x,"Repository Load Complete
",241,19,,,7/29/15,4e781659-ffe6-5aa7-8f04-e4621ac0b4cc,https://repository.ou.edu/uuid/4e781659-ffe6-5aa7-8f04-e4621ac0b4cc,https://repository.ou.edu/embed/uuid/4e781659-ffe6-5aa7-8f04-e4621ac0b4cc,x,2,9.92994E+13,Introductorium in astronomiam,Mashar_1489,Not Ready for Repository,279,67,,,,96edb44e-69c6-573d-b8cb-fed138ad46ff,https://repository.ou.edu/uuid/96edb44e-69c6-573d-b8cb-fed138ad46ff,https://repository.ou.edu/embed/uuid/96edb44e-69c6-573d-b8cb-fed138ad46ff,,,,"Theoremata de Lumine et Umbra, ad perspectivam","Maurolico, Francesco (1613)",Not in Virtual Exhibit,360,,,,,,,,,3,9.9773E+12,Mundus Iovialis,"Mayr, Simon (1614)",Not Ready for Repository,360,,,,,,,,x,3,9.92968E+13,De arte gymnastica,Mercuriale_1577,"AWS job XERW3, 8/21/2015",448,108,,,,359392c3-0d9c-5d8c-a1e3-a65831f331f1,https://repository.ou.edu/uuid/359392c3-0d9c-5d8c-a1e3-a65831f331f1,https://repository.ou.edu/embed/uuid/359392c3-0d9c-5d8c-a1e3-a65831f331f1,,2,9.98257E+12,Erucarum ortus,Merian_1717,Not Ready for Repository,360,,,,,,,,,2,9.93619E+13,Quaestiones Celeberrimae in Genesim,Mersenne_1623,Not Ready for Repository,360,,,,,,,,,2,9.91723E+13,Qvestions physico-mathematiqves : et Les mechaniqves du sieur GalilÃ©e,Mersenne_1635,Not Ready for Repository,360,,,,,,,,,3,,"""Catalogue des NÃ©buleuses et des Amas dâ€™Ã‰toiles,"" in Memoirs of the Royal Academy of Sciences for 1771, pages 435ff","Messier, Charles (1774)",Not Ready for Repository,360,,,,,,,,x,3,9.95515E+12,De genuine uso utriusque globi tractatus,Metius_1624,Not Ready for Repository,325,78,,,,a368d7f9-1e3a-5646-a6c9-8e0e5e41e9aa,https://repository.ou.edu/uuid/a368d7f9-1e3a-5646-a6c9-8e0e5e41e9aa,https://repository.ou.edu/embed/uuid/a368d7f9-1e3a-5646-a6c9-8e0e5e41e9aa,,2,9.93583E+13,Paradise Lost [2nd edition],Milton_1674,"Repository Load Complete
",353,23,,,8/6/15,,,,,3,9.926E+11,Mechanicorum,"Monte, Guido Ubaldo (1577)",Not Ready for Repository,360,,,,,,,,x,3,9.92439E+13,Perspectivae,Monte_1600,"Repository Load Complete
",325,78,,,7/1/15,0d244eed-3494-53a2-ae20-620e4efa4170,https://repository.ou.edu/uuid/0d244eed-3494-53a2-ae20-620e4efa4170,https://repository.ou.edu/embed/uuid/0d244eed-3494-53a2-ae20-620e4efa4170,,2,9.91634E+13,Cosmographey [Geography of the World],Munster_1574,Not Ready for Repository,360,,,,,,,,,3,9.92725E+13,Phytographia curiosa,"Munting, Abraham (1702)",Not Ready for Repository,360,,,,,,,,,3,9.91033E+13,Astronomicarum institutionum,"Naibod, Valentin (1580)",Not Ready for Repository,360,,,,,,,,,2,9.92632E+13,Mirifici logarithmorum canonis descriptio,Napier_1614,"Repository Load Complete
",164,11,,,8/7/15,,,,,3,9.91948E+13,"Der Mond betrachtet als Planet, Welt und Trabant [The Moon, considered as a planet, a world and a satellite]","Nasmyth, James; James Carpenter (1876)",Not Ready for Repository,360,,,,,,,,x,2,9.93049E+13,Philosophiae naturalis principia mathematica [Principia],Newton_1687_Phil,"Repository Load Complete
",519,48,,,8/22/15,f6cafda0-8cb5-5518-b41f-48af16be5e14,https://repository.ou.edu/uuid/f6cafda0-8cb5-5518-b41f-48af16be5e14,https://repository.ou.edu/embed/uuid/f6cafda0-8cb5-5518-b41f-48af16be5e14,,2,9.92349E+13,Opticks,Newton_1704,Not Ready for Repository,370,,,,,,,,x,,9.92916E+13,Philosophiae naturalis principia mathematica [Principia],Newton_1726,Not in Virtual Exhibit,594,,,,,12e4a168-1246-596a-8b3b-fde57b766d4c,https://repository.ou.edu/uuid/12e4a168-1246-596a-8b3b-fde57b766d4c,https://repository.ou.edu/embed/uuid/12e4a168-1246-596a-8b3b-fde57b766d4c,,3,9.92829E+13,A Treatise of the System of the World,"Newton, Isaac (1728)",Not Ready for Repository,360,,,,,,,,,2,9.94868E+12,The Chronology of Ancient Kingdoms Amended,Newton_1728,"AWS job HSJTU, 8/25/2015",426,102,,,,,,,,3,9.93228E+13,Mathematical principles of natural philosophy [Principia],"Newton, Isaac (1729)",Not Ready for Repository,360,,,,,,,,,2,9.92199E+13,Observations on the Prophecies of Daniel,Newton_1733,"AWS job HSJTU, 8/25/2015",363,87,,,,,,,x,3,9.91687E+13,La perspective curieuse,Niceron_1663,"AWS job B2VXZ, 8/24/2015",216,52,,,,d2733816-1f6a-5a1c-b4e1-992898469c61,https://repository.ou.edu/uuid/d2733816-1f6a-5a1c-b4e1-992898469c61,https://repository.ou.edu/embed/uuid/d2733816-1f6a-5a1c-b4e1-992898469c61,x,2,9.92004E+13,"Historia natvrae, maxime peregrinae",Nieremberg_1635,"Repository Load Complete
",635,139,,,8/7/15,aee7bc9f-e3ad-574b-a6cc-e02ad6a13370,https://repository.ou.edu/uuid/aee7bc9f-e3ad-574b-a6cc-e02ad6a13370,https://repository.ou.edu/embed/uuid/aee7bc9f-e3ad-574b-a6cc-e02ad6a13370,,2,9.91502E+13,"Legatio Batavica ad magnum Tartariae Chamum Sungteium, modernum Sinae imperatorem",Nieuhof_1668,Not Ready for Repository,360,,,,,,,,,2,9.91538E+13,"Florence Nightingale, Army sanitary administration and its reform under the late Lord Herbert","Nightingale, Florence",Not Ready for Repository,360,,,,,,,,x,1,9.92026E+13,Shogaku tenmon shinanshÅç,Nobutake_1706,"Repository Load Complete
",292,8.3,,,7/29/15,b25f2ba5-dcea-52e0-aba1-703cb9aac401,https://repository.ou.edu/uuid/b25f2ba5-dcea-52e0-aba1-703cb9aac401,https://repository.ou.edu/embed/uuid/b25f2ba5-dcea-52e0-aba1-703cb9aac401,,2,,Yahon Hiden [Book of the Arrow],Nobutoyo (c.1846),Not Ready for Repository,360,,,,,,,,,3,,Koto no sho [Book of Leggings],Nobutoyo (c.1846),Not Ready for Repository,360,,,,,,,,x,3,9.99589E+12,De divina astrorum facultate,Offusius_1570,"Repository Load Complete
",97,6.4,,,7/29/15,6c508d2e-3e56-5f30-941f-d4d4817ae8dd,https://repository.ou.edu/uuid/6c508d2e-3e56-5f30-941f-d4d4817ae8dd,https://repository.ou.edu/embed/uuid/6c508d2e-3e56-5f30-941f-d4d4817ae8dd,,,,Novae motuum coelestium ephemerides Brandenburgicae,"Origanus, David (1609)",Not in Virtual Exhibit,360,,,,,,,,,3,9.92528E+13,La dioptriqve ocvlaire,Orleans_1671,"Repository Load Complete
",633,166,,,8/15/15,,,,,3,9.92664E+13,Trattato del radio latino,"Orsini, Latino; Ignazio Danti (1583)",Not Ready for Repository,360,,,,,,,,x,2,9.96563E+12,Divina proportione,Pacioli_1509,"Repository Load Complete
",317,76,,,7/8/15,6eaf3120-1dca-576c-b0fa-9febdc1370a4,https://repository.ou.edu/uuid/6eaf3120-1dca-576c-b0fa-9febdc1370a4,https://repository.ou.edu/embed/uuid/6eaf3120-1dca-576c-b0fa-9febdc1370a4,,3,9.91715E+13,Considerazioni sopra il Discorso del Sig. Galileo,"Pannochieschi, Arturo (1612)",Not Ready for Repository,360,,,,,,,,x,3,9.91989E+13,Prognosticatio,Paracelsus_1536,Not Ready for Repository,61,15,,,,f3242128-6111-50b7-b47b-7a7409f25dd0,https://repository.ou.edu/uuid/f3242128-6111-50b7-b47b-7a7409f25dd0,https://repository.ou.edu/embed/uuid/f3242128-6111-50b7-b47b-7a7409f25dd0,x,3,9.93549E+13,Das BÃ_ch meteororum,Paracelsus_1566,Not Ready for Repository,226,54,,,,e58ab392-6b98-5fe6-b785-db6fb80072c0,https://repository.ou.edu/uuid/e58ab392-6b98-5fe6-b785-db6fb80072c0,https://repository.ou.edu/embed/uuid/e58ab392-6b98-5fe6-b785-db6fb80072c0,,2,9.92348E+12,Opera BÃ_cher,Paracelsus_1603,Not Ready for Repository,"1,920",,,,,,,,,3,9.92183E+13,Theatrum botanicum [The theater of plants],Parkinson_1640,Not Ready for Repository,"1,780",,,,,,,,x,2,9.97433E+12,"Description and Use of an Instrument, Called the Double Scale of Proportion",Partridge_1692,"AWS job B2VXZ, 8/24/2015",207,50,,,,3d5ab3fa-b150-59e8-8d57-023ce34121f2,https://repository.ou.edu/uuid/3d5ab3fa-b150-59e8-8d57-023ce34121f2,https://repository.ou.edu/embed/uuid/3d5ab3fa-b150-59e8-8d57-023ce34121f2,x,2,9.92583E+13,Traitez de l'equilibre des liqueurs,Pascal_1663,Not Ready for Repository,300,72,,,,f545fa90-aa76-59b6-b8d2-c047a2a84af8,https://repository.ou.edu/uuid/f545fa90-aa76-59b6-b8d2-c047a2a84af8,https://repository.ou.edu/embed/uuid/f545fa90-aa76-59b6-b8d2-c047a2a84af8,x,3,9.98547E+12,Perspectiva,Peckham_1556,"Repository Load Complete
",112,7.8,,,7/29/15,914774c3-bf64-511a-a597-032bfb921e4c,https://repository.ou.edu/uuid/914774c3-bf64-511a-a597-032bfb921e4c,https://repository.ou.edu/embed/uuid/914774c3-bf64-511a-a597-032bfb921e4c,,2,9.93607E+13,In posteriora resolutoria Aristotelis Comentaria,Philoponus_1504,Not Ready for Repository,360,,,,,,,,x,2,9.91897E+13,Io. Grammatici,Philoponus_1569,"Repository Load Complete
",162,39,,,6/30/15,0fcb3c78-6aa0-50aa-9cd8-11a4e9a31725,https://repository.ou.edu/uuid/0fcb3c78-6aa0-50aa-9cd8-11a4e9a31725,https://repository.ou.edu/embed/uuid/0fcb3c78-6aa0-50aa-9cd8-11a4e9a31725,x,2,9.94177E+12,De le stelle fisse [in De la sfera del mondo],Piccolomini_1540,"Repository Load Complete
",387,18,,,7/29/15,a8c2ebd3-a2ce-54f8-b526-d3ac86be0804,https://repository.ou.edu/uuid/a8c2ebd3-a2ce-54f8-b526-d3ac86be0804,https://repository.ou.edu/embed/uuid/a8c2ebd3-a2ce-54f8-b526-d3ac86be0804,,2,9.92688E+13,Diuus Plato,Plato_1491,Not Ready for Repository,360,,,,,,,,,3,9.92841E+13,The historie of the world commonly called the naturall historie [Natural History],Pliny the Elder (1601),Not Ready for Repository,360,,,,,,,,,2,9.92095E+13,De furtivis literarum notis vulgo,Porta_1563,"Repository Load Complete
",259,19,,,8/23/15,,,,,3,9.94433E+12,Phytognomonica,"Porta, Giambattista della (1588)",Not Ready for Repository,360,,,,,,,,,3,9.99462E+12,Magiae naturalis,Porta_1589,Not Ready for Repository,360,,,,,,,,,3,9.96841E+12,I tre libri de spiritali,"Porta, Giambattista della (1606)",Not Ready for Repository,360,,,,,,,,,3,9.91202E+13,De aeris transmutationibus,"Porta, Giambattista della (1610)",Not Ready for Repository,360,,,,,,,,,3,9.92069E+13,Della fisonomia di tutto il corpo humano,"Porta, Giambattista della (1637)",Not Ready for Repository,360,,,,,,,,x,2,9.91348E+13,Natural Magick,Porta_1658,"Repository Load Complete
",432,99,,,7/9/15,ef8b9bc5-411f-570c-bfe5-9da930a6ab45,https://repository.ou.edu/uuid/ef8b9bc5-411f-570c-bfe5-9da930a6ab45,https://repository.ou.edu/embed/uuid/ef8b9bc5-411f-570c-bfe5-9da930a6ab45,,3,9.91532E+13,Procli Diadochi sphaera,Proclus_1511,"Repository Load Complete
",29,7.2,,,8/15/15,,,,x,2,9.91378E+13,Epytoma Joanis de mote regio In almagestu ptolomei [Almagest; Epitome of Ptolemy's Almagest],Ptolemy_1496,"Repository Load Complete
",227,62,,,7/15/15,04f2a5e1-11c8-555f-bbac-16156cda1bbe,https://repository.ou.edu/uuid/04f2a5e1-11c8-555f-bbac-16156cda1bbe,https://repository.ou.edu/embed/uuid/04f2a5e1-11c8-555f-bbac-16156cda1bbe,x,3,9.93324E+13,Omnia quae extant opera,Ptolemy_1541,"Repository Load Complete
",567,130,,,7/24/15,80af71d1-8942-5381-ac16-8b036e3447e0,https://repository.ou.edu/uuid/80af71d1-8942-5381-ac16-8b036e3447e0,https://repository.ou.edu/embed/uuid/80af71d1-8942-5381-ac16-8b036e3447e0,x,2,9.93332E+13,Geographia universalis,Ptolemy_1545,"Repository Load Complete
",427,91,,,8/23/15,d2fdb497-6d44-543e-8819-27cae292d697,https://repository.ou.edu/uuid/d2fdb497-6d44-543e-8819-27cae292d697,https://repository.ou.edu/embed/uuid/d2fdb497-6d44-543e-8819-27cae292d697,,3,9.91843E+13,Ptolemaei mathematic constructionis [Almagest],Ptolemy; Erasmus Reinhold (1549),Not Ready for Repository,360,,,,,,,,,3,9.91117E+13,De praedictionibus astronomicis... Quadripartitum,Ptolemy (1610),Not Ready for Repository,360,,,,,,,,,2,9.92125E+13,Armonikon,Ptolemy_1682,"Repository Load Complete
",359,29,,,8/15/15,,,,,3,9.91223E+13,A Treatise on Muscular Action,Pugh_1794,Not Ready for Repository,360,,,,,,,,x,1,9.91475E+13,Le diverse et artificiose machine,Ramelli_1588,"Repository Load Complete
",737,177,,,7/23/15,9358b917-8858-5345-9c5b-f2781e07b7ce,https://repository.ou.edu/uuid/9358b917-8858-5345-9c5b-f2781e07b7ce,https://repository.ou.edu/embed/uuid/9358b917-8858-5345-9c5b-f2781e07b7ce,,2,9.92496E+13,Calendarium,Regiomontanus (1476),Not Ready for Repository,360,,,,,,,,x,1,9.93048E+13,Le diverse et artificiose machine,Reimers_1588,"Repository Load Complete
",103,9,,,8/15/15,613b8f5b-a11f-5163-b3e6-79d6f4a766fa,https://repository.ou.edu/uuid/613b8f5b-a11f-5163-b3e6-79d6f4a766fa,https://repository.ou.edu/embed/uuid/613b8f5b-a11f-5163-b3e6-79d6f4a766fa,,2,9.94508E+12,Demonstratio halonis [manuscript],"Reinhold, Erasmus (c.1550)",Not Ready for Repository,360,,,,,,,,,,9.93415E+13,Margarita filosofica,Reische_1599,Not in Virtual Exhibit,360,,,,,,,,x,2,9.92814E+13,De Christiana expeditione apud Sinas,Ricci_1616,"Repository Load Complete
",671,161,,,7/23/15,d6121fe1-d591-5145-8024-74d0874076f4,https://repository.ou.edu/uuid/d6121fe1-d591-5145-8024-74d0874076f4,https://repository.ou.edu/embed/uuid/d6121fe1-d591-5145-8024-74d0874076f4,x,2,9.91605E+13,Almagestum novum (2 parts),Riccioli_1651,"Repository Load Complete
",849,50,,,8/23/15,192dc3aa-ad5e-5b3e-ae0f-7492c48c449c,https://repository.ou.edu/uuid/192dc3aa-ad5e-5b3e-ae0f-7492c48c449c,https://repository.ou.edu/embed/uuid/192dc3aa-ad5e-5b3e-ae0f-7492c48c449c,x,2,9.91605E+13,Almagestum novum (2 parts),Riccioli_1651_p2,"Repository Load Complete
",709,39,,,8/23/15,565425a3-02cb-5008-8616-1ab5c32fc2f6,https://repository.ou.edu/uuid/565425a3-02cb-5008-8616-1ab5c32fc2f6,https://repository.ou.edu/embed/uuid/565425a3-02cb-5008-8616-1ab5c32fc2f6,x,2,9.9553E+13,Il Regno della China [map],Rossi_Vignola_1682,"Repository Load Complete
",2,0.135,,,8/23/15,be649240-e386-5285-9da2-115737e30899,https://repository.ou.edu/uuid/be649240-e386-5285-9da2-115737e30899,https://repository.ou.edu/embed/uuid/be649240-e386-5285-9da2-115737e30899,,,9.91765E+13,De sphaera,"Sacro Bosco, Johann de (1545)",Not in Virtual Exhibit,360,,,,,,,,x,3,9.92406E+13,Sphaera mvndi [bound with Peurbach 1580 Theoricae novae planetarum],Sacrobosco_1490,Not Ready for Repository,110,26,,,,93ce7c08-1797-53a3-ad27-c5bfe9aef46b,https://repository.ou.edu/uuid/93ce7c08-1797-53a3-ad27-c5bfe9aef46b,https://repository.ou.edu/embed/uuid/93ce7c08-1797-53a3-ad27-c5bfe9aef46b,x,,9.9275E+13,Commentaria in ... Aphorismorum Hippocratis,Santorio_1629,Not in Virtual Exhibit,404,97,,,,7fc94c31-d5c4-5913-999d-f678f4a6ea56,https://repository.ou.edu/uuid/7fc94c31-d5c4-5913-999d-f678f4a6ea56,https://repository.ou.edu/embed/uuid/7fc94c31-d5c4-5913-999d-f678f4a6ea56,x,2,9.92302E+12,Commentaria ... Avicennae,Santorio_1646,"Repository Load Complete
",615,0.453,,,8/23/15,4e3185ad-e596-54e8-a458-8332bda3f2f8,https://repository.ou.edu/uuid/4e3185ad-e596-54e8-a458-8332bda3f2f8,https://repository.ou.edu/embed/uuid/4e3185ad-e596-54e8-a458-8332bda3f2f8,,2,9.93341E+13,Liber chronicarum [Nuremberg chronicle],Schedel_1493,"AWS job 38SES, 8/21/2015",630,151,,,,,,,x,3,9.92262E+13,Rosa Vrsina,Scheiner_1630,"Repository Load Complete
",918,26,,,?,82a6a46d-b893-56d4-823a-f94d94940c59,https://repository.ou.edu/uuid/82a6a46d-b893-56d4-823a-f94d94940c59,https://repository.ou.edu/embed/uuid/82a6a46d-b893-56d4-823a-f94d94940c59,x,2,9.95631E+13,Typus Totius Orbis Terraquei Geographice [map],Scherer_1710,"Repository Load Complete
",6,8,,,8/7/15,19ae2a83-7e31-5333-ac7a-9d875147978d,https://repository.ou.edu/uuid/19ae2a83-7e31-5333-ac7a-9d875147978d,https://repository.ou.edu/embed/uuid/19ae2a83-7e31-5333-ac7a-9d875147978d,,,,Piscium querelae et vindiciae,"Scheuchzer, Johann Jakob (1708)",Not in Virtual Exhibit,360,,,,,,,,,,,Geestelyke natuurkunde [Sacred Physics],"Scheuchzer, Johann Jakob (1728-?)",Not in Virtual Exhibit,360,,,,,,,,x,3,9.9978E+11,Epistolae W. Schickarti & M. Berneggeri mutuae [correspondence with Kepler],Schickard_1673,Not Ready for Repository,258,62,,,,e1738eeb-fdb8-554e-b7c6-d48a80cf9d63,https://repository.ou.edu/uuid/e1738eeb-fdb8-554e-b7c6-d48a80cf9d63,https://repository.ou.edu/embed/uuid/e1738eeb-fdb8-554e-b7c6-d48a80cf9d63,,3,9.92888E+12,Astroscopium,"Schickard, Wilhelm (1698)",Not Ready for Repository,360,,,,,,,,x,2,9.91217E+13,Technica Curiosa,Schott_1664,"Repository Load Complete
","1,280",227,,,8/8/15,20feed7c-0872-5e04-9efc-8cbe1727f456,https://repository.ou.edu/uuid/20feed7c-0872-5e04-9efc-8cbe1727f456,https://repository.ou.edu/embed/uuid/20feed7c-0872-5e04-9efc-8cbe1727f456,,3,9.9242E+13,Organum mathematicum (2 volumes),"Schott, Gaspar (1668)",Not Ready for Repository,360,,,,,,,,x,1,9.95549E+13,Ensei kiki zusetsu rokusai,Schreck_1830,"Repository Load Complete
",426,89,,,7/13/15,1d0d6461-a24e-50f6-9b29-955e4414cf2a,https://repository.ou.edu/uuid/1d0d6461-a24e-50f6-9b29-955e4414cf2a,https://repository.ou.edu/embed/uuid/1d0d6461-a24e-50f6-9b29-955e4414cf2a,,3,9.93625E+13,History of that great and renowned monarchy of China,"Semedo, Alvaro (1655)",Not Ready for Repository,360,,,,,,,,x,3,9.93679E+13,Naturalium quaestiunum,Seneca_1522,Not Ready for Repository,306,73,,,,77cf1459-7bb4-5555-b518-b338360dd72a,https://repository.ou.edu/uuid/77cf1459-7bb4-5555-b518-b338360dd72a,https://repository.ou.edu/embed/uuid/77cf1459-7bb4-5555-b518-b338360dd72a,,2,9.98331E+12,De trinitatis erroribus [manuscript],"Servetus, Michael (1531)",Not Ready for Repository,360,,,,,,,,,2,9.91917E+13,"Comedies, Histories, and Tragedies [Second Folio]",Shakespeare_1632,"AWS job 38SES, 8/21/2015",360,,,,,,,,,3,9.91577E+13,Poetical Works (4 volumes),"Shelley, Percy Bysshe (1876-1877)",Not Ready for Repository,360,,,,,,,,x,3,9.99049E+12,La pratica di prospettiva,Sirigatti_1596,"Repository Load Complete
",150,41,,,7/2/15,2c978b1b-2d9a-5cd9-b0d5-f17e7ac6045e,https://repository.ou.edu/uuid/2c978b1b-2d9a-5cd9-b0d5-f17e7ac6045e,https://repository.ou.edu/embed/uuid/2c978b1b-2d9a-5cd9-b0d5-f17e7ac6045e,,3,9.97073E+12,"A Voyage to the Islands Madera, Barbados, Nieves, S. Christophers and Jamaica (2 volumes)","Sloane, Hans (1707-1725)",Not Ready for Repository,360,,,,,,,,,,,A Memoir to the Map and Delineation of the Strata of England and Wales,"Smith, William (1815)",Not in Virtual Exhibit,360,,,,,,,,x,2,9.93245E+12,Scandaglio sopra La Libra Astronomica,Stelluti_1622,"Repository Load Complete
",100,63,,,7/29/15,1d7b4001-90c4-5f43-ac1e-4df948480591,https://repository.ou.edu/uuid/1d7b4001-90c4-5f43-ac1e-4df948480591,https://repository.ou.edu/embed/uuid/1d7b4001-90c4-5f43-ac1e-4df948480591,x,2,9.91471E+13,Tradotto in verso sciolto e dichiarato da Francesco Stellvti [Stelluti's Persio],Stelluti_1630,"Repository Load Complete
",277,66,7/14/15,7/14/15,7/16/15,01467f9a-b534-5029-85ff-cb077a1281db,https://repository.ou.edu/uuid/01467f9a-b534-5029-85ff-cb077a1281db,https://repository.ou.edu/embed/uuid/01467f9a-b534-5029-85ff-cb077a1281db,x,2,9.91079E+13,Trattato del legno fossile minerale nuovamente,Stelluti_1637,Not Ready for Repository,57,17,,,,1344a1d4-934e-5b70-b3df-2aca81120719,https://repository.ou.edu/uuid/1344a1d4-934e-5b70-b3df-2aca81120719,https://repository.ou.edu/embed/uuid/1344a1d4-934e-5b70-b3df-2aca81120719,x,3,9.93594E+13,"Observationes anatomicae [bound with Joannis van Horne, Mikrokosmos second edition]",Steno_1662,"AWS job B2VXZ, 8/24/2015",144,35,,,,2abb69cb-2932-57db-9809-a4387da609bb,https://repository.ou.edu/uuid/2abb69cb-2932-57db-9809-a4387da609bb,https://repository.ou.edu/embed/uuid/2abb69cb-2932-57db-9809-a4387da609bb,,2,9.96378E+12,Canis carchariae dissectum caput [appendix to Elementorum myologiae specimen],Steno_1667,"AWS job B2VXZ, 8/24/2015",360,,,,,,,,,,,Elementorum myologi specimen,Steno_1667b,Not in Virtual Exhibit,360,,,,,,,,x,,9.91906E+13,De solido intra solidum [Prodromus],Steno_1669,Not in Virtual Exhibit,101,4,,,,3de49c77-e582-5f7e-9ef8-19ccea7d6054,https://repository.ou.edu/uuid/3de49c77-e582-5f7e-9ef8-19ccea7d6054,https://repository.ou.edu/embed/uuid/3de49c77-e582-5f7e-9ef8-19ccea7d6054,,3,9.9198E+13,Les Å“uvres mathematiques,"Stevin, Simon (1634)",Not Ready for Repository,360,,,,,,,,,2,9.93421E+13,Calendarium,Stoeffler_1518,Not Ready for Repository,360,,,,,,,,,,,Vervolg van de Beschryving der Staartsterren,"Struyck, Nicolaas (1753)",Not in Virtual Exhibit,360,,,,,,,,,,,"The Book of Nature, or History of Insects","Swammerdam, Jan (16520",Not in Virtual Exhibit,360,,,,,,,,,,,Historia insectorum,"Swammerdam, Jan (1669)",Not in Virtual Exhibit,360,,,,,,,,,,,Histoire generale des insectes,"Swammerdam, Jan (1682)",Not in Virtual Exhibit,360,,,,,,,,,,,"The Book of Nature, or History of Insects","Swammerdam, Jan (1758)",Not in Virtual Exhibit,360,,,,,,,,,3,9.91087E+12,Euclide Megarense philosopho,"Tartaglia, Niccolo (1543)",Not Ready for Repository,360,,,,,,,,,2,9.92583E+13,La Noua Scientia,Tartaglia_1558,Not Ready for Repository,360,,,,,,,,x,2,9.91385E+13,Opere del famosissimo... nova scientia,Tartaglia_1606,"Repository Load Complete
",485,104,,,8/19/15,d2563230-555d-5f01-9546-02326e5bce95,https://repository.ou.edu/uuid/d2563230-555d-5f01-9546-02326e5bce95,https://repository.ou.edu/embed/uuid/d2563230-555d-5f01-9546-02326e5bce95,,2,9.92157E+13,The recoverie of Jerusalem,Tasso_1624,Not Ready for Repository,360,,,,,,,,,3,9.92267E+13,Poems (2 volumes),"Tennyson, Lord (1843)",Not Ready for Repository,360,,,,,,,,,3,9.92908E+13,Dellâ€™ historia delle plante,Theophrastus (1549),Not Ready for Repository,360,,,,,,,,x,3,9.91233E+13,Historie of foure-footed beastes,Topsell_1658,"Repository Load Complete
",1109,285,,,7/20/15,15806a6c-7bdf-5fc2-a914-6ae7c2832594,https://repository.ou.edu/uuid/15806a6c-7bdf-5fc2-a914-6ae7c2832594,https://repository.ou.edu/embed/uuid/15806a6c-7bdf-5fc2-a914-6ae7c2832594,,,9.95788E+12,Observationes medicae,"Tulp, Nicolaas (1672)",Not in Virtual Exhibit,360,,,,,,,,x,3,9.93555E+12,De centro gravitatis solidorvm,Valerio_1661,Not Ready for Repository,301,72,,,,c475418e-89ae-5720-bd69-3207cbc63e05,https://repository.ou.edu/uuid/c475418e-89ae-5720-bd69-3207cbc63e05,https://repository.ou.edu/embed/uuid/c475418e-89ae-5720-bd69-3207cbc63e05,,2,9.94981E+12,Le opere (9 volumes),Vasari_18xx,Not Ready for Repository,360,,,,,,,,,2,9.93003E+13,De humanis corporis fabrica,Vesalius_1543,Not Ready for Repository,360,,,,,,,,,3,,De humani corporis fabrica,Vesalius_1545,Not Ready for Repository,360,,,,,,,,,3,9.93458E+13,Epistola,Vesalius_1546,"AWS job B2VXZ, 8/24/2015",360,,,,,,,,,2,9.91101E+13,Wondertooneel der Nature,Vincent_17xx,Not Ready for Repository,360,,,,,,,,,2,9.93674E+13,De locis solidis divinatio geometrica,Viviani_1701,Not Ready for Repository,360,,,,,,,,x,1,9.93485E+13,"Historica narratio, de initio et progressu missionis Societatis Jesu apud Chinenses...",vonBell_1665,"Repository Load Complete
",291,71,7/15/15,7/15/15,7/16/15,19dc2309-b958-5795-9a9d-aaec8ef755e4,https://repository.ou.edu/uuid/19dc2309-b958-5795-9a9d-aaec8ef755e4,https://repository.ou.edu/embed/uuid/19dc2309-b958-5795-9a9d-aaec8ef755e4,,2,,The Origin of Continents and Oceans,Wegener_1924,Not Ready for Repository,360,,,,,,,,x,2,9.9178E+12,An Astronomical Catechism,Whitwell_1818,"Repository Load Complete
",532,26,,,7/29/15,d4af5d1b-7e4d-5a58-aadd-e1b9fb0373ce,https://repository.ou.edu/uuid/d4af5d1b-7e4d-5a58-aadd-e1b9fb0373ce,https://repository.ou.edu/embed/uuid/d4af5d1b-7e4d-5a58-aadd-e1b9fb0373ce,,3,9.92946E+13,A discovery of a new world [... in the moon],Wilkins_1684,Not Ready for Repository,388,93,,,,,,,x,3,9.9553E+13,"Observations of Comets from B.C. 611 to A.D. 1640, Extracted from the Chinese Annals",Williams_1871,Not Ready for Repository,216,21,,,,6998036f-87de-5873-9a3a-4ba258e79d07,https://repository.ou.edu/uuid/6998036f-87de-5873-9a3a-4ba258e79d07,https://repository.ou.edu/embed/uuid/6998036f-87de-5873-9a3a-4ba258e79d07,x,3,9.93106E+13,An original theory or new hypothesis of the universe [New Theory of the Universe],Wright_1750,Not Ready for Repository,176,42,,,,701a4d14-0c7c-5e15-9c9f-80e335b6af18,https://repository.ou.edu/uuid/701a4d14-0c7c-5e15-9c9f-80e335b6af18,https://repository.ou.edu/embed/uuid/701a4d14-0c7c-5e15-9c9f-80e335b6af18,,3,9.91112E+13,Novo teatro di machine,"Zonca, Vittorio (1621)",Not Ready for Repository,360,,,,,,,,x,2,9.9832E+12,In Iob commentaria,Zuniga_1591,"Repository Load Complete
",609,167,,,7/19/15,2e505daa-f3d5-5ef1-92e4-d0fe4162a420,https://repository.ou.edu/uuid/2e505daa-f3d5-5ef1-92e4-d0fe4162a420,https://repository.ou.edu/embed/uuid/2e505daa-f3d5-5ef1-92e4-d0fe4162a420,,,,,,,,,,,,,,,,,,,,Total pages -->,"140,774","14,957",<--Total known GB,,,21,,,,,,,,Average pages per book -->,355,189,<--Average GB per book,,,,,,,,,,,,,,,,,,,,,,,,,385,,,,,,,,,